{"cameraMode":{"drawMode":0,"name":"Shaded","section":"Shading Mode"},"sceneLighting":true,"audioPlay":false,"sceneViewState":{"showFog":true,"showMaterialUpdate":false,"showSkybox":false,"showFlares":true,"showImageEffects":true,"showParticleSystems":true},"in2DMode":false,"pivot":{"x":1.9091033935546876,"y":4.4985761642456059,"z":-2.0226831436157228},"rotation":{"x":-0.021220596507191659,"y":0.09045261889696121,"z":-0.001927359844557941,"w":-0.9956750273704529},"size":56.91877746582031,"orthographic":false}