{"cameraMode":{"drawMode":0,"name":"Shaded","section":"Shading Mode"},"sceneLighting":true,"audioPlay":false,"sceneViewState":{"showFog":true,"showMaterialUpdate":false,"showSkybox":false,"showFlares":true,"showImageEffects":true,"showParticleSystems":true},"in2DMode":false,"pivot":{"x":35.82732391357422,"y":41.654869079589847,"z":-12.64307975769043},"rotation":{"x":0.33117714524269106,"y":0.5695978999137878,"z":-0.26844820380210879,"w":0.702743411064148},"size":10.0,"orthographic":true}